<?xml version="1.0" encoding="UTF-8"?>
<beans xmlns="http://www.springframework.org/schema/beans"
       xmlns:xsi="http://www.w3.org/2001/XMLSchema-instance"
       xmlns:context="http://www.springframework.org/schema/context"
       xsi:schemaLocation="http://www.springframework.org/schema/beans
                           http://www.springframework.org/schema/beans/spring-beans.xsd
                           http://www.springframework.org/schema/context
                           http://www.springframework.org/schema/context/spring-context.xsd">

    <!-- Enable annotation-based configuration -->
    <context:annotation-config />

    <bean id="hello" class="bean.bike">
        <property name="speed" value="32">
        </property>
    </bean>
    <bean id="Hello" class="bean.car">
        <constructor-arg name="speed" value="67">
        </constructor-arg>
    </bean>
    <bean id="set" class="pbean.enginne">
    </bean>
    <bean id="pset" class="pbean.Aeroplane">
        <constructor-arg name="hello" ref="set">
        </constructor-arg>
    </bean>
    <bean id="dset" class="pbean.Ship">
        <constructor-arg name="ship" ref="set">
        </constructor-arg>
    </bean>

    <bean id="s3" class="Autowire.bowler"></bean>
    <bean id="s4" class="Autowire.bowler"></bean>
    <bean id="mcd" class="Autowire.depratment">
    </bean>

</beans>